Index,Image_link,Filename,Height & Weight,height_cm,weight_kg
0,https://height-weight-chart.com/410-090.html,410-090_Del_L1.jpg," 4' 10"" 100 lbs.",147.32,45.3592
1,https://height-weight-chart.com/410-100.html,410-100_Cece_L1.jpg," 4' 10"" 110 lbs.",147.32,49.89512
2,https://height-weight-chart.com/410-110.html,410-110_Kaye_L1.jpg," 4' 10"" 120 lbs.",147.32,54.43104
3,https://height-weight-chart.com/410-120.html,410-120_Firie_L1.jpg," 4' 10"" 160 lbs.",147.32,72.57472
4,https://height-weight-chart.com/410-160.html,410-160_Sarah_L1.jpg," 4' 10"" 170 lbs.",147.32,77.11064
5,https://height-weight-chart.com/410-170.html,410-170_Tiffany_L1.jpg," 4' 10"" 190 lbs.",147.32,86.18248
6,https://height-weight-chart.com/410-190.html,410-190_TFergusu_L1.jpg," 4' 10"" 90 lbs.",147.32,40.82328
7,https://height-weight-chart.com/411-090.html,410-90_Katherine_L1.jpg," 4' 11"" 100 lbs.",149.86,45.3592
8,https://height-weight-chart.com/411-100.html,411-100_Beth_L1.jpg," 4' 11"" 110 lbs.",149.86,49.89512
9,https://height-weight-chart.com/411-110.html,411-110_Christina_L1.jpg," 4' 11"" 120 lbs.",149.86,54.43104
10,https://height-weight-chart.com/411-120.html,411-120_saidy_L1.jpg," 4' 11"" 130 lbs.",149.86,58.96696
11,https://height-weight-chart.com/411-130.html,411-130_Joanna_L1.jpg," 4' 11"" 150 lbs.",149.86,68.0388
12,https://height-weight-chart.com/411-150.html,411-150_Elana_L1.jpg," 4' 11"" 170 lbs.",149.86,77.11064
13,https://height-weight-chart.com/411-170.html,411-170_Cristen_L1.jpg," 4' 11"" 190 lbs.",149.86,86.18248
14,https://height-weight-chart.com/411-190.html,411-190_Deb_L1.jpg," 4' 11"" 210 lbs.",149.86,95.25432
15,https://height-weight-chart.com/411-210.html,411-210_candice_L1.jpg," 4' 11"" 230 lbs.",149.86,104.32616
16,https://height-weight-chart.com/411-230.html,411-230_Shanta_L1.jpg," 4' 11"" 90 lbs.",149.86,40.82328
17,https://height-weight-chart.com/500-090.html,500-090_Amy_L1.jpg," 5' 0"" 100 lbs.",152.4,45.3592
18,https://height-weight-chart.com/500-100.html,500-100_Briana_L1.jpg," 5' 0"" 110 lbs.",152.4,49.89512
19,https://height-weight-chart.com/500-110.html,500-110_Amanda_L1.jpg," 5' 0"" 120 lbs.",152.4,54.43104
20,https://height-weight-chart.com/500-120.html,500-120_Emily_L1.jpg," 5' 0"" 130 lbs.",152.4,58.96696
21,https://height-weight-chart.com/500-130.html,500-130_Alina_L1.jpg," 5' 0"" 140 lbs.",152.4,63.50288
22,https://height-weight-chart.com/500-140.html,500-140_Alina_L1.jpg," 5' 0"" 150 lbs.",152.4,68.0388
23,https://height-weight-chart.com/500-150.html,500-150_debra_L1.jpg," 5' 0"" 160 lbs.",152.4,72.57472
24,https://height-weight-chart.com/500-160.html,500-160_Alina_L1.jpg," 5' 0"" 170 lbs.",152.4,77.11064
25,https://height-weight-chart.com/500-170.html,500-170_Maree_L1.jpg," 5' 0"" 180 lbs.",152.4,81.64656
26,https://height-weight-chart.com/500-180.html,500-180_Charlie_L1.jpg," 5' 0"" 210 lbs.",152.4,95.25432
27,https://height-weight-chart.com/500-210.html,500-210_Dora_L1.jpg," 5' 0"" 220 lbs.",152.4,99.79024
28,https://height-weight-chart.com/500-220.html,500-220_Natalie_L1.jpg," 5' 0"" 230 lbs.",152.4,104.32616
29,https://height-weight-chart.com/500-230.html,500-240_Ruth_L1.jpg," 5' 0"" 240 lbs.",152.4,108.86208
30,https://height-weight-chart.com/500-240.html,500-240_sarah_L1.jpg," 5' 0"" 90 lbs.",152.4,40.82328
31,https://height-weight-chart.com/501-090.html,501-104_evelyn_L1.jpg," 5' 1"" 100 lbs.",154.94,45.3592
32,https://height-weight-chart.com/501-100.html,501-110_Jessica_L1.jpg," 5' 1"" 110 lbs.",154.94,49.89512
33,https://height-weight-chart.com/501-110.html,501-120_Koyasha_L1.jpg," 5' 1"" 120 lbs.",154.94,54.43104
34,https://height-weight-chart.com/501-120.html,501-130_Premee_L1.jpg," 5' 1"" 130 lbs.",154.94,58.96696
35,https://height-weight-chart.com/501-130.html,501-140_Alysha_L1.jpg," 5' 1"" 140 lbs.",154.94,63.50288
36,https://height-weight-chart.com/501-140.html,501-150_Christina_L1.jpg," 5' 1"" 150 lbs.",154.94,68.0388
37,https://height-weight-chart.com/501-150.html,501-160_Melissa_L1.jpg," 5' 1"" 160 lbs.",154.94,72.57472
38,https://height-weight-chart.com/501-160.html,501-170_Vonnie_L1.jpg," 5' 1"" 170 lbs.",154.94,77.11064
39,https://height-weight-chart.com/501-170.html,501-180_Jennifer_L1.jpg," 5' 1"" 180 lbs.",154.94,81.64656
40,https://height-weight-chart.com/501-180.html,501-190_sheila_L1.jpg," 5' 1"" 190 lbs.",154.94,86.18248
41,https://height-weight-chart.com/501-190.html,501-210_Kim_L1.jpg," 5' 1"" 210 lbs.",154.94,95.25432
42,https://height-weight-chart.com/501-210.html,501-220_Jessica_L1.jpg," 5' 1"" 220 lbs.",154.94,99.79024
43,https://height-weight-chart.com/501-220.html,501-230_Laurie_L1.jpg," 5' 1"" 230 lbs.",154.94,104.32616
44,https://height-weight-chart.com/501-230.html,501-90_Mariel_L1.jpg," 5' 1"" 90 lbs.",154.94,40.82328
45,https://height-weight-chart.com/502-090.html,502-100_Elise_L1.jpg," 5' 10"" 110 lbs.",177.8,49.89512
46,https://height-weight-chart.com/502-100.html,502-110_Anna_L1.jpg," 5' 10"" 120 lbs.",177.8,54.43104
47,https://height-weight-chart.com/502-110.html,502-120_Heather_L1.jpg," 5' 10"" 130 lbs.",177.8,58.96696
48,https://height-weight-chart.com/502-120.html,502-130_elisabeth_L1.jpg," 5' 10"" 140 lbs.",177.8,63.50288
49,https://height-weight-chart.com/502-130.html,502-140_Jessica_L1.jpg," 5' 10"" 150 lbs.",177.8,68.0388
50,https://height-weight-chart.com/502-140.html,502-150_Indiana_L1.jpg," 5' 10"" 160 lbs.",177.8,72.57472
51,https://height-weight-chart.com/502-150.html,502-160_Kirin_L1.jpg," 5' 10"" 170 lbs.",177.8,77.11064
52,https://height-weight-chart.com/502-160.html,502-170_Dak_L1.jpg," 5' 10"" 180 lbs.",177.8,81.64656
53,https://height-weight-chart.com/502-170.html,502-180_Eryn_L1.jpg," 5' 10"" 190 lbs.",177.8,86.18248
54,https://height-weight-chart.com/502-180.html,502-180_agnes_L1.jpg," 5' 10"" 200 lbs.",177.8,90.7184
55,https://height-weight-chart.com/502-190.html,502-190_Kate_L1.jpg," 5' 10"" 210 lbs.",177.8,95.25432
56,https://height-weight-chart.com/502-200.html,502-200_Kelly_L1.jpg," 5' 10"" 220 lbs.",177.8,99.79024
57,https://height-weight-chart.com/502-210.html,502-210_Bleu_L1.jpg," 5' 10"" 230 lbs.",177.8,104.32616
58,https://height-weight-chart.com/502-220.html,502-220_Noel_L1.jpg," 5' 10"" 240 lbs.",177.8,108.86208
59,https://height-weight-chart.com/502-230.html,502-230_Penny_L1.jpg," 5' 10"" 250 lbs.",177.8,113.398
60,https://height-weight-chart.com/502-250.html,502-250_Jean_L1.jpg," 5' 10"" 260 lbs.",177.8,117.93392
61,https://height-weight-chart.com/502-290.html,502-290_Jamie_L1.jpg," 5' 10"" 270 lbs.",177.8,122.46984
62,https://height-weight-chart.com/502-330.html,502-330_Zena_L1.jpg," 5' 10"" 290 lbs.",177.8,131.54168
63,https://height-weight-chart.com/503-090.html,502-90_Lindsey_L1.jpg," 5' 11"" 110 lbs.",180.34,49.89512
64,https://height-weight-chart.com/503-100.html,503-090_Caitlin_L1.jpg," 5' 11"" 120 lbs.",180.34,54.43104
65,https://height-weight-chart.com/503-110.html,503-100_Emily_L1.jpg," 5' 11"" 130 lbs.",180.34,58.96696
66,https://height-weight-chart.com/503-120.html,503-110_laci_L1.jpg," 5' 11"" 140 lbs.",180.34,63.50288
67,https://height-weight-chart.com/503-130.html,503-120_Trillian_L1.jpg," 5' 11"" 150 lbs.",180.34,68.0388
68,https://height-weight-chart.com/503-140.html,503-130_Katie_L1.jpg," 5' 11"" 160 lbs.",180.34,72.57472
69,https://height-weight-chart.com/503-150.html,503-140_Thomas_L1.jpg," 5' 11"" 170 lbs.",180.34,77.11064
70,https://height-weight-chart.com/503-160.html,503-150_melissa_L1.jpg," 5' 11"" 180 lbs.",180.34,81.64656
71,https://height-weight-chart.com/503-170.html,503-160_cheryl_L1.jpg," 5' 11"" 190 lbs.",180.34,86.18248
72,https://height-weight-chart.com/503-180.html,503-170_Holly_L1.jpg," 5' 11"" 200 lbs.",180.34,90.7184
73,https://height-weight-chart.com/503-190.html,503-190_Miriam_L1.jpg," 5' 11"" 210 lbs.",180.34,95.25432
74,https://height-weight-chart.com/503-200.html,503-200_Ashley_L1.jpg," 5' 11"" 220 lbs.",180.34,99.79024
75,https://height-weight-chart.com/503-210.html,503-210_Brandiy_L1.jpg," 5' 11"" 230 lbs.",180.34,104.32616
76,https://height-weight-chart.com/503-220.html,503-220_Tricia_L1.jpg," 5' 11"" 240 lbs.",180.34,108.86208
77,https://height-weight-chart.com/503-230.html,503-230_Eavonka_L1.jpg," 5' 11"" 250 lbs.",180.34,113.398
78,https://height-weight-chart.com/503-240.html,503-240_Jennifer_L1.jpg," 5' 11"" 260 lbs.",180.34,117.93392
79,https://height-weight-chart.com/503-250.html,503-250_Lyons_L1.jpg," 5' 11"" 270 lbs.",180.34,122.46984
80,https://height-weight-chart.com/503-270.html,503-270_Natasha_L1.jpg," 5' 11"" 280 lbs.",180.34,127.00576
81,https://height-weight-chart.com/503-300.html,503-300_Jean_L1.jpg," 5' 11"" 290 lbs.",180.34,131.54168
82,https://height-weight-chart.com/503-370.html,503-370_Lynn_L1.jpg," 5' 11"" 300 lbs.",180.34,136.0776
83,https://height-weight-chart.com/504-090.html,504-090_Gloria_L1.jpg," 5' 11"" 310 lbs.",180.34,140.61352
84,https://height-weight-chart.com/504-100.html,504-100_Marissa_L1.jpg," 5' 11"" 360 lbs.",180.34,163.29312
85,https://height-weight-chart.com/504-110.html,504-110_Niccy_L1.jpg," 5' 11"" 370 lbs.",180.34,167.82904
86,https://height-weight-chart.com/504-120.html,504-120_Mindy_L1.jpg," 5' 2"" 100 lbs.",157.48,45.3592
87,https://height-weight-chart.com/504-130.html,504-130_Aimee_L1.jpg," 5' 2"" 110 lbs.",157.48,49.89512
88,https://height-weight-chart.com/504-140.html,504-135_Peggy_L1.jpg," 5' 2"" 120 lbs.",157.48,54.43104
89,https://height-weight-chart.com/504-150.html,504-150_Bethan_L1.jpg," 5' 2"" 130 lbs.",157.48,58.96696
90,https://height-weight-chart.com/504-160.html,504-160_Emily_L1.jpg," 5' 2"" 140 lbs.",157.48,63.50288
91,https://height-weight-chart.com/504-170.html,504-170_Erica_L1.jpg," 5' 2"" 150 lbs.",157.48,68.0388
92,https://height-weight-chart.com/504-180.html,504-180_Nela_L1.jpg," 5' 2"" 160 lbs.",157.48,72.57472
93,https://height-weight-chart.com/504-190.html,504-185_rachel_L1.jpg," 5' 2"" 170 lbs.",157.48,77.11064
94,https://height-weight-chart.com/504-200.html,504-200_Diedre_L1.jpg," 5' 2"" 180 lbs.",157.48,81.64656
95,https://height-weight-chart.com/504-210.html,504-210_Erin_L1.jpg," 5' 2"" 190 lbs.",157.48,86.18248
96,https://height-weight-chart.com/504-230.html,504-230_Mary_L1.jpg," 5' 2"" 200 lbs.",157.48,90.7184
97,https://height-weight-chart.com/504-240.html,504-240_Deneen_L2.jpg," 5' 2"" 210 lbs.",157.48,95.25432
98,https://height-weight-chart.com/504-250.html,504-250_Beth_L1.jpg," 5' 2"" 220 lbs.",157.48,99.79024
99,https://height-weight-chart.com/504-260.html,504-260_Michelle_L1.jpg," 5' 2"" 230 lbs.",157.48,104.32616
100,https://height-weight-chart.com/504-320.html,504-320_Beth_L1.jpg," 5' 2"" 250 lbs.",157.48,113.398
101,https://height-weight-chart.com/505-090.html,505-090_samantha_L1.jpg," 5' 2"" 290 lbs.",157.48,131.54168
102,https://height-weight-chart.com/505-100.html,505-100_Kati_L1.jpg," 5' 2"" 330 lbs.",157.48,149.68536
103,https://height-weight-chart.com/505-110.html,505-110_Marnie_L1.jpg," 5' 2"" 90 lbs.",157.48,40.82328
104,https://height-weight-chart.com/505-120.html,505-120_Christina_L1.jpg," 5' 3"" 100 lbs.",160.02,45.3592
105,https://height-weight-chart.com/505-130.html,505-130_Susan_l.jpg," 5' 3"" 110 lbs.",160.02,49.89512
106,https://height-weight-chart.com/505-140.html,505-140_Julie_L1.jpg," 5' 3"" 120 lbs.",160.02,54.43104
107,https://height-weight-chart.com/505-150.html,505-150_mrssejn_L1.jpg," 5' 3"" 130 lbs.",160.02,58.96696
108,https://height-weight-chart.com/505-160.html,505-160_Andrew_L1.jpg," 5' 3"" 140 lbs.",160.02,63.50288
109,https://height-weight-chart.com/505-170.html,505-170_Lisa_L.jpg," 5' 3"" 150 lbs.",160.02,68.0388
110,https://height-weight-chart.com/505-180.html,505-180_Melissa_L1.jpg," 5' 3"" 160 lbs.",160.02,72.57472
111,https://height-weight-chart.com/505-190.html,505-190_JenRocks_L1.jpg," 5' 3"" 170 lbs.",160.02,77.11064
112,https://height-weight-chart.com/505-200.html,505-200_Emanuelle_L1.jpg," 5' 3"" 180 lbs.",160.02,81.64656
113,https://height-weight-chart.com/505-210.html,505-210_Tania_L1.jpg," 5' 3"" 190 lbs.",160.02,86.18248
114,https://height-weight-chart.com/505-220.html,505-220_Ciara_L1.jpg," 5' 3"" 200 lbs.",160.02,90.7184
115,https://height-weight-chart.com/505-230.html,505-230_melanie_L1.jpg," 5' 3"" 210 lbs.",160.02,95.25432
116,https://height-weight-chart.com/505-240.html,505-240_Stef_L1.jpg," 5' 3"" 220 lbs.",160.02,99.79024
117,https://height-weight-chart.com/505-250.html,505-250_Angela_L1.jpg," 5' 3"" 230 lbs.",160.02,104.32616
118,https://height-weight-chart.com/505-260.html,505-260_sue_L1.jpg," 5' 3"" 240 lbs.",160.02,108.86208
119,https://height-weight-chart.com/505-270.html,505-270_Veronique_L1.jpg," 5' 3"" 250 lbs.",160.02,113.398
120,https://height-weight-chart.com/505-300.html,505-300_Catherine_L1.jpg," 5' 3"" 270 lbs.",160.02,122.46984
121,https://height-weight-chart.com/506-090.html,506-090_eve_L1.jpg," 5' 3"" 300 lbs.",160.02,136.0776
122,https://height-weight-chart.com/506-100.html,506-100_Jill_L1.jpg," 5' 3"" 370 lbs.",160.02,167.82904
123,https://height-weight-chart.com/506-110.html,506-110_Margaret_L1.jpg," 5' 3"" 90 lbs.",160.02,40.82328
124,https://height-weight-chart.com/506-120.html,506-120_CLB_L1.jpg," 5' 4"" 100 lbs.",162.56,45.3592
125,https://height-weight-chart.com/506-130.html,506-130_Furry_L1.jpg," 5' 4"" 110 lbs.",162.56,49.89512
126,https://height-weight-chart.com/506-140.html,506-140_Tara_L1.jpg," 5' 4"" 120 lbs.",162.56,54.43104
127,https://height-weight-chart.com/506-150.html,506-150_Anthony_L1.jpg," 5' 4"" 130 lbs.",162.56,58.96696
128,https://height-weight-chart.com/506-160.html,506-160_Caralyn_L1.jpg," 5' 4"" 140 lbs.",162.56,63.50288
129,https://height-weight-chart.com/506-170.html,506-170_Sean_L1.jpg," 5' 4"" 150 lbs.",162.56,68.0388
130,https://height-weight-chart.com/506-180.html,506-180_Leah_L2.jpg," 5' 4"" 160 lbs.",162.56,72.57472
131,https://height-weight-chart.com/506-190.html,506-190_Mike_L1.jpg," 5' 4"" 170 lbs.",162.56,77.11064
132,https://height-weight-chart.com/506-200.html,506-200_kate_L1.jpg," 5' 4"" 180 lbs.",162.56,81.64656
133,https://height-weight-chart.com/506-210.html,506-215_Paul_L1.jpg," 5' 4"" 190 lbs.",162.56,86.18248
134,https://height-weight-chart.com/506-220.html,506-220_Renee_L1.jpg," 5' 4"" 200 lbs.",162.56,90.7184
135,https://height-weight-chart.com/506-230.html,506-230_Krista_L1.jpg," 5' 4"" 210 lbs.",162.56,95.25432
136,https://height-weight-chart.com/506-240.html,506-240_Sarah_L1.jpg," 5' 4"" 230 lbs.",162.56,104.32616
137,https://height-weight-chart.com/506-250.html,506-250_Maggie_L1.jpg," 5' 4"" 240 lbs.",162.56,108.86208
138,https://height-weight-chart.com/506-260.html,506-260_Amanda_L1.jpg," 5' 4"" 250 lbs.",162.56,113.398
139,https://height-weight-chart.com/506-270.html,506-270_Nee_L1.jpg," 5' 4"" 260 lbs.",162.56,117.93392
140,https://height-weight-chart.com/506-280.html,506-280_Kelly_L1.jpg," 5' 4"" 320 lbs.",162.56,145.14944
141,https://height-weight-chart.com/506-300.html,506-300_keri_L1.jpg," 5' 4"" 90 lbs.",162.56,40.82328
142,https://height-weight-chart.com/506-330.html,506-330_Jacynta_L1.jpg," 5' 5"" 100 lbs.",165.1,45.3592
143,https://height-weight-chart.com/507-090.html,507-090_Dragonfly_L1.jpg," 5' 5"" 110 lbs.",165.1,49.89512
144,https://height-weight-chart.com/507-100.html,507-100_Morgan_L1.jpg," 5' 5"" 120 lbs.",165.1,54.43104
145,https://height-weight-chart.com/507-110.html,507-110_Lisa_L1.jpg," 5' 5"" 130 lbs.",165.1,58.96696
146,https://height-weight-chart.com/507-120.html,507-120_Tracey_L1.jpg," 5' 5"" 140 lbs.",165.1,63.50288
147,https://height-weight-chart.com/507-130.html,507-140_Kristen_L1.jpg," 5' 5"" 150 lbs.",165.1,68.0388
148,https://height-weight-chart.com/507-140.html,507-150_Kandis_L1.jpg," 5' 5"" 160 lbs.",165.1,72.57472
149,https://height-weight-chart.com/507-150.html,507-160_Chris_L2.jpg," 5' 5"" 170 lbs.",165.1,77.11064
150,https://height-weight-chart.com/507-160.html,507-170_Jackie_L1.jpg," 5' 5"" 180 lbs.",165.1,81.64656
151,https://height-weight-chart.com/507-170.html,507-170_Scott_L1.jpg," 5' 5"" 190 lbs.",165.1,86.18248
152,https://height-weight-chart.com/507-180.html,507-180_Caralyn_L1.jpg," 5' 5"" 200 lbs.",165.1,90.7184
153,https://height-weight-chart.com/507-190.html,507-190_Eddie_L1.jpg," 5' 5"" 210 lbs.",165.1,95.25432
154,https://height-weight-chart.com/507-200.html,507-200_Lisa_L1.jpg," 5' 5"" 220 lbs.",165.1,99.79024
155,https://height-weight-chart.com/507-210.html,507-210_Sarah_L1.jpg," 5' 5"" 230 lbs.",165.1,104.32616
156,https://height-weight-chart.com/507-220.html,507-220_Jillo_L1.jpg," 5' 5"" 240 lbs.",165.1,108.86208
157,https://height-weight-chart.com/507-230.html,507-230_KarenP_L1.jpg," 5' 5"" 250 lbs.",165.1,113.398
158,https://height-weight-chart.com/507-240.html,507-240_Zhenya_L1.jpg," 5' 5"" 260 lbs.",165.1,117.93392
159,https://height-weight-chart.com/507-250.html,507-250_Jennifer_L1.jpg," 5' 5"" 270 lbs.",165.1,122.46984
160,https://height-weight-chart.com/507-260.html,507-260_Beth_L1.jpg," 5' 5"" 300 lbs.",165.1,136.0776
161,https://height-weight-chart.com/507-270.html,507-270_Barb_L1.jpg," 5' 5"" 90 lbs.",165.1,40.82328
162,https://height-weight-chart.com/507-280.html,507-280_Dasha_L1.jpg," 5' 6"" 100 lbs.",167.64,45.3592
163,https://height-weight-chart.com/507-310.html,507-310_Jacinta_L1.jpg," 5' 6"" 110 lbs.",167.64,49.89512
164,https://height-weight-chart.com/507-320.html,507-320_Brandy_L1.jpg," 5' 6"" 120 lbs.",167.64,54.43104
165,https://height-weight-chart.com/507-370.html,507-370_Traci_L1.jpg," 5' 6"" 130 lbs.",167.64,58.96696
166,https://height-weight-chart.com/507-380.html,507-380_Lisa_L1.jpg," 5' 6"" 140 lbs.",167.64,63.50288
167,https://height-weight-chart.com/508-100.html,508-100_Jennifer_L1.jpg," 5' 6"" 150 lbs.",167.64,68.0388
168,https://height-weight-chart.com/508-110.html,508-110_Lindsay_L1.jpg," 5' 6"" 160 lbs.",167.64,72.57472
169,https://height-weight-chart.com/508-120.html,508-120_Tanya_L1.jpg," 5' 6"" 170 lbs.",167.64,77.11064
170,https://height-weight-chart.com/508-130.html,508-130_Nancy_L1.jpg," 5' 6"" 180 lbs.",167.64,81.64656
171,https://height-weight-chart.com/508-140.html,508-140_Spring_L1.jpg," 5' 6"" 190 lbs.",167.64,86.18248
172,https://height-weight-chart.com/508-150.html,508-150_Stacy_L1.jpg," 5' 6"" 200 lbs.",167.64,90.7184
173,https://height-weight-chart.com/508-160.html,508-160_Jimmy_L1.jpg," 5' 6"" 210 lbs.",167.64,95.25432
174,https://height-weight-chart.com/508-170.html,508-170_Natalie_L1.jpg," 5' 6"" 220 lbs.",167.64,99.79024
175,https://height-weight-chart.com/508-180.html,508-180_Dave_L1.jpg," 5' 6"" 230 lbs.",167.64,104.32616
176,https://height-weight-chart.com/508-190.html,508-190_Sam_L1.jpg," 5' 6"" 240 lbs.",167.64,108.86208
177,https://height-weight-chart.com/508-200.html,508-200_Julie_L1.jpg," 5' 6"" 250 lbs.",167.64,113.398
178,https://height-weight-chart.com/508-210.html,508-210_Carla_L1.jpg," 5' 6"" 260 lbs.",167.64,117.93392
179,https://height-weight-chart.com/508-220.html,508-220_Mark_L1.jpg," 5' 6"" 270 lbs.",167.64,122.46984
180,https://height-weight-chart.com/508-230.html,508-230_Christina_L1.jpg," 5' 6"" 280 lbs.",167.64,127.00576
181,https://height-weight-chart.com/508-240.html,508-240_Alexandra_L1.jpg," 5' 6"" 300 lbs.",167.64,136.0776
182,https://height-weight-chart.com/508-250.html,508-250_Amarachi_L1.jpg," 5' 6"" 330 lbs.",167.64,149.68536
183,https://height-weight-chart.com/508-260.html,508-260_raine_L1.jpg," 5' 6"" 90 lbs.",167.64,40.82328
184,https://height-weight-chart.com/508-270.html,508-270_AJ_L1.jpg," 5' 7"" 100 lbs.",170.18,45.3592
185,https://height-weight-chart.com/508-280.html,508-280_Elayne_L1.jpg," 5' 7"" 110 lbs.",170.18,49.89512
186,https://height-weight-chart.com/508-290.html,508-290_Sabrina_L1.jpg," 5' 7"" 120 lbs.",170.18,54.43104
187,https://height-weight-chart.com/508-300.html,508-300_Aimee_L1.jpg," 5' 7"" 130 lbs.",170.18,58.96696
188,https://height-weight-chart.com/508-330.html,508-330_Sabrina_L1.jpg," 5' 7"" 140 lbs.",170.18,63.50288
189,https://height-weight-chart.com/508-350.html,508-350_Matt_L1.jpg," 5' 7"" 150 lbs.",170.18,68.0388
190,https://height-weight-chart.com/508-390.html,508-390_Mariellen_L1.jpg," 5' 7"" 160 lbs.",170.18,72.57472
191,https://height-weight-chart.com/509-100.html,509-100_Danielle_L1.jpg," 5' 7"" 170 lbs.",170.18,77.11064
192,https://height-weight-chart.com/509-110.html,509-110_Helman_L1.jpg," 5' 7"" 180 lbs.",170.18,81.64656
193,https://height-weight-chart.com/509-120.html,509-120_Lucas_L1.jpg," 5' 7"" 190 lbs.",170.18,86.18248
194,https://height-weight-chart.com/509-130.html,509-130_Boris_L1.jpg," 5' 7"" 200 lbs.",170.18,90.7184
195,https://height-weight-chart.com/509-140.html,509-140_Elise_L1.jpg," 5' 7"" 210 lbs.",170.18,95.25432
196,https://height-weight-chart.com/509-150.html,509-150_Allan_L1.jpg," 5' 7"" 220 lbs.",170.18,99.79024
197,https://height-weight-chart.com/509-160.html,509-160_Jeremiah_L1.jpg," 5' 7"" 230 lbs.",170.18,104.32616
198,https://height-weight-chart.com/509-170.html,509-170_Liv_L1.jpg," 5' 7"" 240 lbs.",170.18,108.86208
199,https://height-weight-chart.com/509-180.html,509-180_Brian_L1.jpg," 5' 7"" 250 lbs.",170.18,113.398
200,https://height-weight-chart.com/509-190.html,509-190_Connie_L1.jpg," 5' 7"" 260 lbs.",170.18,117.93392
201,https://height-weight-chart.com/509-200.html,509-200_Ryan_L1.jpg," 5' 7"" 270 lbs.",170.18,122.46984
202,https://height-weight-chart.com/509-210.html,509-210_Julie_L1.jpg," 5' 7"" 280 lbs.",170.18,127.00576
203,https://height-weight-chart.com/509-220.html,509-220_Danielle_L1.jpg," 5' 7"" 310 lbs.",170.18,140.61352
204,https://height-weight-chart.com/509-230.html,509-230_Michael_L1.jpg," 5' 7"" 320 lbs.",170.18,145.14944
205,https://height-weight-chart.com/509-240.html,509-240_Riad_L1.jpg," 5' 7"" 370 lbs.",170.18,167.82904
206,https://height-weight-chart.com/509-250.html,509-250_iva_l1.jpg," 5' 7"" 380 lbs.",170.18,172.36496
207,https://height-weight-chart.com/509-260.html,509-260_Appoline_L1.jpg," 5' 7"" 90 lbs.",170.18,40.82328
208,https://height-weight-chart.com/509-270.html,509-270_Danielle_L1.jpg," 5' 8"" 100 lbs.",172.72,45.3592
209,https://height-weight-chart.com/509-300.html,509-300_Sonja_L1.jpg," 5' 8"" 110 lbs.",172.72,49.89512
210,https://height-weight-chart.com/509-310.html,509-310_Angela_L1.jpg," 5' 8"" 120 lbs.",172.72,54.43104
211,https://height-weight-chart.com/509-320.html,509-320_Ed_L1.jpg," 5' 8"" 130 lbs.",172.72,58.96696
212,https://height-weight-chart.com/510-110.html,510-110_lori_L1.jpg," 5' 8"" 140 lbs.",172.72,63.50288
213,https://height-weight-chart.com/510-120.html,510-120_Devin_L1.jpg," 5' 8"" 150 lbs.",172.72,68.0388
214,https://height-weight-chart.com/510-130.html,510-130_Les_L1.jpg," 5' 8"" 160 lbs.",172.72,72.57472
215,https://height-weight-chart.com/510-140.html,510-140_Michelle_L1.jpg," 5' 8"" 170 lbs.",172.72,77.11064
216,https://height-weight-chart.com/510-150.html,510-150_Matthew_L1.jpg," 5' 8"" 180 lbs.",172.72,81.64656
217,https://height-weight-chart.com/510-160.html,510-160_Jesse_L1.jpg," 5' 8"" 190 lbs.",172.72,86.18248
218,https://height-weight-chart.com/510-170.html,510-170_Craig_L1.jpg," 5' 8"" 200 lbs.",172.72,90.7184
219,https://height-weight-chart.com/510-180.html,510-180_Nick_L1.jpg," 5' 8"" 210 lbs.",172.72,95.25432
220,https://height-weight-chart.com/510-190.html,510-190_Pete_L1.jpg," 5' 8"" 220 lbs.",172.72,99.79024
221,https://height-weight-chart.com/510-200.html,510-200_Carol_L1.jpg," 5' 8"" 230 lbs.",172.72,104.32616
222,https://height-weight-chart.com/510-210.html,510-210_jenifer_L1.jpg," 5' 8"" 240 lbs.",172.72,108.86208
223,https://height-weight-chart.com/510-220.html,510-220_amy_L1.jpg," 5' 8"" 250 lbs.",172.72,113.398
224,https://height-weight-chart.com/510-230.html,510-230_Josh_L1.jpg," 5' 8"" 260 lbs.",172.72,117.93392
225,https://height-weight-chart.com/510-240.html,510-240_Yolanda_L1.jpg," 5' 8"" 270 lbs.",172.72,122.46984
226,https://height-weight-chart.com/510-250.html,510-250_Katie_L1.jpg," 5' 8"" 280 lbs.",172.72,127.00576
227,https://height-weight-chart.com/510-270.html,510-270_Gaige_L1.jpg," 5' 8"" 290 lbs.",172.72,131.54168
228,https://height-weight-chart.com/510-280.html,510-280_Jamie_L1.jpg," 5' 8"" 300 lbs.",172.72,136.0776
229,https://height-weight-chart.com/510-300.html,510-300_Sabrina_L1.jpg," 5' 8"" 330 lbs.",172.72,149.68536
230,https://height-weight-chart.com/511-110.html,511-110_Anna_L1.jpg," 5' 8"" 350 lbs.",172.72,158.7572
231,https://height-weight-chart.com/511-120.html,511-120_Kurt_L1.jpg," 5' 8"" 390 lbs.",172.72,176.90088
232,https://height-weight-chart.com/511-130.html,511-130_Nick_L1.jpg," 5' 9"" 100 lbs.",175.26,45.3592
233,https://height-weight-chart.com/511-140.html,511-140_Jake_L1.jpg," 5' 9"" 110 lbs.",175.26,49.89512
234,https://height-weight-chart.com/511-150.html,511-150_Garry_L1.jpg," 5' 9"" 120 lbs.",175.26,54.43104
235,https://height-weight-chart.com/511-160.html,511-160_Stephen_L1.jpg," 5' 9"" 130 lbs.",175.26,58.96696
236,https://height-weight-chart.com/511-170.html,511-170_Stephen_L1.jpg," 5' 9"" 140 lbs.",175.26,63.50288
237,https://height-weight-chart.com/511-180.html,511-180_SteveW_L1.jpg," 5' 9"" 150 lbs.",175.26,68.0388
238,https://height-weight-chart.com/511-190.html,511-190_Cass_L1.jpg," 5' 9"" 160 lbs.",175.26,72.57472
239,https://height-weight-chart.com/511-200.html,511-200_Amber_L1.jpg," 5' 9"" 170 lbs.",175.26,77.11064
240,https://height-weight-chart.com/511-210.html,511-210_Jake_L1.jpg," 5' 9"" 180 lbs.",175.26,81.64656
241,https://height-weight-chart.com/511-220.html,511-220_Martin_L1.jpg," 5' 9"" 190 lbs.",175.26,86.18248
242,https://height-weight-chart.com/511-230.html,511-230_Doug_L1.jpg," 5' 9"" 200 lbs.",175.26,90.7184
243,https://height-weight-chart.com/511-240.html,511-240_Tim_L1.jpg," 5' 9"" 210 lbs.",175.26,95.25432
244,https://height-weight-chart.com/511-250.html,511-250_Bill_L1.jpg," 5' 9"" 220 lbs.",175.26,99.79024
245,https://height-weight-chart.com/511-260.html,511-260_Tany_L1.jpg," 5' 9"" 230 lbs.",175.26,104.32616
246,https://height-weight-chart.com/511-270.html,511-270_Meghan_L1.jpg," 5' 9"" 240 lbs.",175.26,108.86208
247,https://height-weight-chart.com/511-280.html,511-280_Jackie_L1.jpg," 5' 9"" 250 lbs.",175.26,113.398
248,https://height-weight-chart.com/511-290.html,511-290_Will_L1.jpg," 5' 9"" 260 lbs.",175.26,117.93392
249,https://height-weight-chart.com/511-300.html,511-300_Keith_L1.jpg," 5' 9"" 270 lbs.",175.26,122.46984
250,https://height-weight-chart.com/511-310.html,511-310_Thomas_L1.jpg," 5' 9"" 300 lbs.",175.26,136.0776
251,https://height-weight-chart.com/511-360.html,511-360_Lara_L1.jpg," 5' 9"" 310 lbs.",175.26,140.61352
252,https://height-weight-chart.com/511-370.html,511-370_Vennie_L1.jpg," 5' 9"" 320 lbs.",175.26,145.14944
253,https://height-weight-chart.com/600-120.html,600-120_Eric_L1.jpg," 6' 0"" 120 lbs.",182.88,54.43104
254,https://height-weight-chart.com/600-130.html,600-130_Ryan3_L2.jpg," 6' 0"" 130 lbs.",182.88,58.96696
255,https://height-weight-chart.com/600-140.html,600-140_Oliver_L2.jpg," 6' 0"" 140 lbs.",182.88,63.50288
256,https://height-weight-chart.com/600-150.html,600-150_Gabor_L1.jpg," 6' 0"" 150 lbs.",182.88,68.0388
257,https://height-weight-chart.com/600-160.html,600-160_Jared_L1.jpg," 6' 0"" 160 lbs.",182.88,72.57472
258,https://height-weight-chart.com/600-170.html,600-170_Josh_L1.jpg," 6' 0"" 170 lbs.",182.88,77.11064
259,https://height-weight-chart.com/600-180.html,600-180_Mark_L1.jpg," 6' 0"" 180 lbs.",182.88,81.64656
260,https://height-weight-chart.com/600-190.html,600-190_brittany_L1.jpg," 6' 0"" 190 lbs.",182.88,86.18248
261,https://height-weight-chart.com/600-200.html,600-200_Mike_L1.jpg," 6' 0"" 200 lbs.",182.88,90.7184
262,https://height-weight-chart.com/600-210.html,600-210_Greg_L1.jpg," 6' 0"" 210 lbs.",182.88,95.25432
263,https://height-weight-chart.com/600-220.html,600-220_Michael_L1.jpg," 6' 0"" 220 lbs.",182.88,99.79024
264,https://height-weight-chart.com/600-230.html,600-230_Dylan_L1.jpg," 6' 0"" 230 lbs.",182.88,104.32616
265,https://height-weight-chart.com/600-240.html,600-240_Andrew_L1.jpg," 6' 0"" 240 lbs.",182.88,108.86208
266,https://height-weight-chart.com/600-250.html,600-250_Steve_L1.jpg," 6' 0"" 250 lbs.",182.88,113.398
267,https://height-weight-chart.com/600-260.html,600-260_Marvin_L1.jpg," 6' 0"" 260 lbs.",182.88,117.93392
268,https://height-weight-chart.com/600-270.html,600-270_Michael_L1.jpg," 6' 0"" 270 lbs.",182.88,122.46984
269,https://height-weight-chart.com/600-280.html,600-280_Zech_L1.jpg," 6' 0"" 280 lbs.",182.88,127.00576
270,https://height-weight-chart.com/600-290.html,600-290_Drew_L1.jpg," 6' 0"" 290 lbs.",182.88,131.54168
271,https://height-weight-chart.com/600-300.html,600-300_Leesa_L1.jpg," 6' 0"" 300 lbs.",182.88,136.0776
272,https://height-weight-chart.com/600-310.html,600-310_Brian_L1.jpg," 6' 0"" 310 lbs.",182.88,140.61352
273,https://height-weight-chart.com/600-320.html,600-320_Michael_L1.jpg," 6' 0"" 320 lbs.",182.88,145.14944
274,https://height-weight-chart.com/600-330.html,600-330_David_L1.jpg," 6' 0"" 330 lbs.",182.88,149.68536
275,https://height-weight-chart.com/600-340.html,600-340_Irfon_L1.jpg," 6' 0"" 340 lbs.",182.88,154.22128
276,https://height-weight-chart.com/600-350.html,600-350_David_L1.jpg," 6' 0"" 350 lbs.",182.88,158.7572
277,https://height-weight-chart.com/600-390.html,600-390_David_L1.jpg," 6' 0"" 380 lbs.",182.88,172.36496
278,https://height-weight-chart.com/601-130.html,601-130_Rebecca_L1.jpg," 6' 1"" 130 lbs.",185.42,58.96696
279,https://height-weight-chart.com/601-140.html,601-140_T_L1.jpg," 6' 1"" 140 lbs.",185.42,63.50288
280,https://height-weight-chart.com/601-150.html,601-150_Justin_L1.jpg," 6' 1"" 150 lbs.",185.42,68.0388
281,https://height-weight-chart.com/601-160.html,601-160_Will_L1.jpg," 6' 1"" 160 lbs.",185.42,72.57472
282,https://height-weight-chart.com/601-170.html,601-170_Rob_L1.jpg," 6' 1"" 170 lbs.",185.42,77.11064
283,https://height-weight-chart.com/601-180.html,601-180_Clint_L1.jpg," 6' 1"" 180 lbs.",185.42,81.64656
284,https://height-weight-chart.com/601-190.html,601-190_Gilbert_L1.jpg," 6' 1"" 190 lbs.",185.42,86.18248
285,https://height-weight-chart.com/601-200.html,601-200_MikeDevine_L1.jpg," 6' 1"" 200 lbs.",185.42,90.7184
286,https://height-weight-chart.com/601-210.html,601-210_cecil_L1.jpg," 6' 1"" 210 lbs.",185.42,95.25432
287,https://height-weight-chart.com/601-220.html,601-220_Chad_L1.jpg," 6' 1"" 220 lbs.",185.42,99.79024
288,https://height-weight-chart.com/601-230.html,601-236_Arnie_L1.jpg," 6' 1"" 230 lbs.",185.42,104.32616
289,https://height-weight-chart.com/601-240.html,601-240_Cauley_L1.jpg," 6' 1"" 240 lbs.",185.42,108.86208
290,https://height-weight-chart.com/601-250.html,601-250_Luke_L1.jpg," 6' 1"" 250 lbs.",185.42,113.398
291,https://height-weight-chart.com/601-260.html,601-260_Eddie_L1.jpg," 6' 1"" 260 lbs.",185.42,117.93392
292,https://height-weight-chart.com/601-270.html,601-270_Jaime_L1.jpg," 6' 1"" 270 lbs.",185.42,122.46984
293,https://height-weight-chart.com/601-280.html,601-280_Neil_L1.jpg," 6' 1"" 280 lbs.",185.42,127.00576
294,https://height-weight-chart.com/601-290.html,601-290_Jon_L1.jpg," 6' 1"" 290 lbs.",185.42,131.54168
295,https://height-weight-chart.com/601-300.html,601-300_Dan_L1.jpg," 6' 1"" 300 lbs.",185.42,136.0776
296,https://height-weight-chart.com/601-310.html,601-310_Jaime_L1.jpg," 6' 1"" 310 lbs.",185.42,140.61352
297,https://height-weight-chart.com/601-320.html,601-320_chuck_L1.jpg," 6' 1"" 320 lbs.",185.42,145.14944
298,https://height-weight-chart.com/601-380.html,601-380_Cassandra_L1.jpg," 6' 1"" 380 lbs.",185.42,172.36496
299,https://height-weight-chart.com/602-130.html,602-130_Tim_L1.jpg," 6' 11"" 490 lbs.",210.82,222.26008
300,https://height-weight-chart.com/602-140.html,602-140_Josh_L1.jpg," 6' 2"" 130 lbs.",187.96,58.96696
301,https://height-weight-chart.com/602-150.html,602-150_Randy_L1.jpg," 6' 2"" 140 lbs.",187.96,63.50288
302,https://height-weight-chart.com/602-160.html,602-160_Benjamin_L1.jpg," 6' 2"" 150 lbs.",187.96,68.0388
303,https://height-weight-chart.com/602-170.html,602-160_kieth_L1.jpg," 6' 2"" 160 lbs.",187.96,72.57472
304,https://height-weight-chart.com/602-180.html,602-180_Erik_L1.jpg," 6' 2"" 170 lbs.",187.96,77.11064
305,https://height-weight-chart.com/602-190.html,602-190_Aric_L1.jpg," 6' 2"" 180 lbs.",187.96,81.64656
306,https://height-weight-chart.com/602-200.html,602-200_Cory_L1.jpg," 6' 2"" 190 lbs.",187.96,86.18248
307,https://height-weight-chart.com/602-210.html,602-210_Ian_L1.jpg," 6' 2"" 200 lbs.",187.96,90.7184
308,https://height-weight-chart.com/602-220.html,602-220_Dave_L1.jpg," 6' 2"" 210 lbs.",187.96,95.25432
309,https://height-weight-chart.com/602-230.html,602-230_Rick_L1.jpg," 6' 2"" 220 lbs.",187.96,99.79024
310,https://height-weight-chart.com/602-240.html,602-240_Nick_L1.jpg," 6' 2"" 230 lbs.",187.96,104.32616
311,https://height-weight-chart.com/602-250.html,602-250_Jarold_L1.jpg," 6' 2"" 240 lbs.",187.96,108.86208
312,https://height-weight-chart.com/602-270.html,602-270_Rich_L1.jpg," 6' 2"" 250 lbs.",187.96,113.398
313,https://height-weight-chart.com/602-290.html,602-290_DBarber_L1.jpg," 6' 2"" 270 lbs.",187.96,122.46984
314,https://height-weight-chart.com/602-480.html,602-480_Pancholin_L1.jpg," 6' 2"" 290 lbs.",187.96,131.54168
315,https://height-weight-chart.com/603-140.html,603-140_NickSO_L1.jpg," 6' 2"" 480 lbs.",187.96,217.72416
316,https://height-weight-chart.com/603-150.html,603-150_Mdoucet_L1.jpg," 6' 3"" 140 lbs.",190.5,63.50288
317,https://height-weight-chart.com/603-160.html,603-160_Ben_L1.jpg," 6' 3"" 150 lbs.",190.5,68.0388
318,https://height-weight-chart.com/603-170.html,603-170_SuperDave_L1.jpg," 6' 3"" 160 lbs.",190.5,72.57472
319,https://height-weight-chart.com/603-180.html,603-180_Russ_L1.jpg," 6' 3"" 170 lbs.",190.5,77.11064
320,https://height-weight-chart.com/603-190.html,603-190_Clinton_L1.jpg," 6' 3"" 180 lbs.",190.5,81.64656
321,https://height-weight-chart.com/603-200.html,603-200_Peter_L1.jpg," 6' 3"" 190 lbs.",190.5,86.18248
322,https://height-weight-chart.com/603-210.html,603-210_Maxwell_L1.jpg," 6' 3"" 200 lbs.",190.5,90.7184
323,https://height-weight-chart.com/603-220.html,603-220_Ben_L1.jpg," 6' 3"" 210 lbs.",190.5,95.25432
324,https://height-weight-chart.com/603-230.html,603-230_Jason_L1.jpg," 6' 3"" 220 lbs.",190.5,99.79024
325,https://height-weight-chart.com/603-240.html,603-240_Nate_L1.jpg," 6' 3"" 230 lbs.",190.5,104.32616
326,https://height-weight-chart.com/603-250.html,603-250_William_L1.jpg," 6' 3"" 240 lbs.",190.5,108.86208
327,https://height-weight-chart.com/603-260.html,603-260_Stuart_L1.jpg," 6' 3"" 250 lbs.",190.5,113.398
328,https://height-weight-chart.com/603-310.html,603-310_Xavier_L1.jpg," 6' 3"" 260 lbs.",190.5,117.93392
329,https://height-weight-chart.com/603-320.html,603-320_John_L1.jpg," 6' 3"" 310 lbs.",190.5,140.61352
330,https://height-weight-chart.com/603-350.html,603-350_Matt_L1.jpg," 6' 3"" 320 lbs.",190.5,145.14944
331,https://height-weight-chart.com/604-120.html,604-120_Thomas_L1.jpg," 6' 3"" 350 lbs.",190.5,158.7572
332,https://height-weight-chart.com/604-140.html,604-140_WJM_L1.jpg," 6' 4"" 120 lbs.",193.04,54.43104
333,https://height-weight-chart.com/604-150.html,604-155_karsten_L1.jpg," 6' 4"" 140 lbs.",193.04,63.50288
334,https://height-weight-chart.com/604-160.html,604-160_meredith_L1.jpg," 6' 4"" 150 lbs.",193.04,68.0388
335,https://height-weight-chart.com/604-170.html,604-170_Jason_L1.jpg," 6' 4"" 160 lbs.",193.04,72.57472
336,https://height-weight-chart.com/604-180.html,604-180_Matt_L1.jpg," 6' 4"" 170 lbs.",193.04,77.11064
337,https://height-weight-chart.com/604-190.html,604-190_Mike_L1.jpg," 6' 4"" 180 lbs.",193.04,81.64656
338,https://height-weight-chart.com/604-200.html,604-200_Jeff_L1.jpg," 6' 4"" 190 lbs.",193.04,86.18248
339,https://height-weight-chart.com/604-210.html,604-210_Michael_L1.jpg," 6' 4"" 200 lbs.",193.04,90.7184
340,https://height-weight-chart.com/604-220.html,604-220_Dan_L1.jpg," 6' 4"" 210 lbs.",193.04,95.25432
341,https://height-weight-chart.com/604-230.html,604-230_Kevin_L1.jpg," 6' 4"" 220 lbs.",193.04,99.79024
342,https://height-weight-chart.com/604-240.html,604-240_Jeffrey_L1.jpg," 6' 4"" 230 lbs.",193.04,104.32616
343,https://height-weight-chart.com/604-250.html,604-250_Adam_L1.jpg," 6' 4"" 240 lbs.",193.04,108.86208
344,https://height-weight-chart.com/604-260.html,604-260_Arjen_L1.jpg," 6' 4"" 250 lbs.",193.04,113.398
345,https://height-weight-chart.com/604-270.html,604-270_Eddie_L1.jpg," 6' 4"" 260 lbs.",193.04,117.93392
346,https://height-weight-chart.com/604-280.html,604-280_Dan_L1.jpg," 6' 4"" 270 lbs.",193.04,122.46984
347,https://height-weight-chart.com/604-290.html,604-290_Alex_L1.jpg," 6' 4"" 280 lbs.",193.04,127.00576
348,https://height-weight-chart.com/604-320.html,604-320_Dan_L1.jpg," 6' 4"" 290 lbs.",193.04,131.54168
349,https://height-weight-chart.com/604-520.html,604-520_Seven_L1.jpg," 6' 4"" 320 lbs.",193.04,145.14944
350,https://height-weight-chart.com/605-140.html,605-140_Wolf_L1.jpg," 6' 4"" 520 lbs.",193.04,235.86784
351,https://height-weight-chart.com/605-150.html,605-150_Sam_L1.jpg," 6' 5"" 140 lbs.",195.58,63.50288
352,https://height-weight-chart.com/605-170.html,605-173_Brock_L1.jpg," 6' 5"" 150 lbs.",195.58,68.0388
353,https://height-weight-chart.com/605-180.html,605-180_Hartley_L1.jpg," 6' 5"" 170 lbs.",195.58,77.11064
354,https://height-weight-chart.com/605-200.html,605-200_DW_L1.jpg," 6' 5"" 180 lbs.",195.58,81.64656
355,https://height-weight-chart.com/605-210.html,605-210_Rick_L1.jpg," 6' 5"" 200 lbs.",195.58,90.7184
356,https://height-weight-chart.com/605-220.html,605-220_John_L1.jpg," 6' 5"" 210 lbs.",195.58,95.25432
357,https://height-weight-chart.com/605-230.html,605-230_Jeremy_L1.jpg," 6' 5"" 220 lbs.",195.58,99.79024
358,https://height-weight-chart.com/605-240.html,605-240_Jesse_L1.jpg," 6' 5"" 230 lbs.",195.58,104.32616
359,https://height-weight-chart.com/605-250.html,605-250_Cody_L1.jpg," 6' 5"" 240 lbs.",195.58,108.86208
360,https://height-weight-chart.com/605-260.html,605-260_Drew_L1.jpg," 6' 5"" 250 lbs.",195.58,113.398
361,https://height-weight-chart.com/605-270.html,605-270_Pete_L1.jpg," 6' 5"" 260 lbs.",195.58,117.93392
362,https://height-weight-chart.com/605-280.html,605-280_George_L1.jpg," 6' 5"" 270 lbs.",195.58,122.46984
363,https://height-weight-chart.com/605-300.html,605-300_Ben_L1.jpg," 6' 5"" 280 lbs.",195.58,127.00576
364,https://height-weight-chart.com/606-180.html,606-185_Joshua_L1.jpg," 6' 5"" 300 lbs.",195.58,136.0776
365,https://height-weight-chart.com/606-210.html,606-210_Kris_L1.jpg," 6' 6"" 180 lbs.",198.12,81.64656
366,https://height-weight-chart.com/606-220.html,606-220_Cameron_L1.jpg," 6' 6"" 210 lbs.",198.12,95.25432
367,https://height-weight-chart.com/606-230.html,606-230_John_L1.jpg," 6' 6"" 220 lbs.",198.12,99.79024
368,https://height-weight-chart.com/606-240.html,606-240_Kenny_L1.jpg," 6' 6"" 230 lbs.",198.12,104.32616
369,https://height-weight-chart.com/606-250.html,606-250_Dale_L1.jpg," 6' 6"" 240 lbs.",198.12,108.86208
370,https://height-weight-chart.com/606-260.html,606-260_Cees_L1.jpg," 6' 6"" 250 lbs.",198.12,113.398
371,https://height-weight-chart.com/606-290.html,606-290_Jesse_L1.jpg," 6' 6"" 260 lbs.",198.12,117.93392
372,https://height-weight-chart.com/606-320.html,606-320_Richard_L1.jpg," 6' 6"" 290 lbs.",198.12,131.54168
373,https://height-weight-chart.com/606-330.html,606-335_SteveT_L1.jpg," 6' 6"" 320 lbs.",198.12,145.14944
374,https://height-weight-chart.com/606-370.html,606-370_Vance_L1.jpg," 6' 6"" 330 lbs.",198.12,149.68536
375,https://height-weight-chart.com/606-380.html,606-380_Michael_L1.jpg," 6' 6"" 370 lbs.",198.12,167.82904
376,https://height-weight-chart.com/607-170.html,607-170_Lincoln_L1.jpg," 6' 6"" 380 lbs.",198.12,172.36496
377,https://height-weight-chart.com/607-210.html,607-210_Allan_L1.jpg," 6' 7"" 170 lbs.",200.66,77.11064
378,https://height-weight-chart.com/607-300.html,607-300_Georffrey_L1.jpg," 6' 7"" 210 lbs.",200.66,95.25432
379,https://height-weight-chart.com/608-180.html,608-180_Dan_L1.jpg," 6' 7"" 300 lbs.",200.66,136.0776
380,https://height-weight-chart.com/608-240.html,608-240_Chris_L1.jpg," 6' 8"" 180 lbs.",203.2,81.64656
381,https://height-weight-chart.com/608-260.html,608-260_Michael_L1.jpg," 6' 8"" 240 lbs.",203.2,108.86208
382,https://height-weight-chart.com/611-490.html,611-490_Xavier_L1.jpg," 6' 8"" 260 lbs.",203.2,117.93392
